{"cameraMode":{"drawMode":0,"name":"Shaded","section":"Shading Mode"},"sceneLighting":true,"audioPlay":false,"sceneViewState":{"m_AlwaysRefresh":false,"showFog":true,"showSkybox":true,"showFlares":true,"showImageEffects":true,"showParticleSystems":true,"showVisualEffectGraphs":true,"m_FxEnabled":true},"in2DMode":false,"pivot":{"x":11.457780838012696,"y":-7.616944313049316,"z":-26.934476852416993},"rotation":{"x":0.007684682495892048,"y":0.9903116226196289,"z":-0.12424726039171219,"w":0.0612814836204052},"size":19.482250213623048,"orthographic":false}