{"cameraMode":{"drawMode":0,"name":"Shaded","section":"Shading Mode"},"sceneLighting":false,"audioPlay":false,"sceneViewState":{"m_AlwaysRefresh":false,"showFog":true,"showSkybox":false,"showFlares":true,"showImageEffects":true,"showParticleSystems":true,"showVisualEffectGraphs":true,"m_FxEnabled":true},"in2DMode":false,"pivot":{"x":-0.21226519346237184,"y":0.8889560699462891,"z":0.2712019383907318},"rotation":{"x":0.010786482132971287,"y":0.9860438704490662,"z":0.07081133872270584,"w":-0.15023544430732728},"size":0.8137497901916504,"orthographic":false}